new_group	annotated_feature	max_area	annotated_feature_f
-334	No MS/MS	3281000	No MS/MS
398	No MS/MS	3623000	No MS/MS
-360	Chimeric MS/MS	3630000	Chimeric MS/MS
14	Annotated MS/MS	529500000	Annotated MS/MS
399	Unknown MS/MS	24140000	Unknown MS/MS
401	Chimeric MS/MS	2258000	Chimeric MS/MS
15	No MS/MS	5801000	No MS/MS
402	No MS/MS	4767000	No MS/MS
16	Annotated MS/MS	4074000	Annotated MS/MS
11	Chimeric MS/MS	4011000	Chimeric MS/MS
-429	No MS/MS	1859000	No MS/MS
404	No MS/MS	1940000	No MS/MS
-451	No MS/MS	2548000	No MS/MS
-475	Unknown MS/MS	1298000	Unknown MS/MS
406	Chimeric MS/MS	7520000	Chimeric MS/MS
-477	Unknown MS/MS	3258000	Unknown MS/MS
-489	Unknown MS/MS	7620000	Unknown MS/MS
-496	Unknown MS/MS	1682000	Unknown MS/MS
-530	No MS/MS	1809000	No MS/MS
-540	Annotated MS/MS	9449000	Annotated MS/MS
-555	No MS/MS	3170000	No MS/MS
-558	No MS/MS	2521000	No MS/MS
-571	Unknown MS/MS	5781000	Unknown MS/MS
-576	Chimeric MS/MS	1551000	Chimeric MS/MS
-598	Unknown MS/MS	13410000	Unknown MS/MS
-608	Unknown MS/MS	31100000	Unknown MS/MS
-613	No MS/MS	1414000	No MS/MS
-614	Unknown MS/MS	11200000	Unknown MS/MS
-625	Unknown MS/MS	1639000	Unknown MS/MS
-628	Chimeric MS/MS	2940000	Chimeric MS/MS
409	Chimeric MS/MS	4174000	Chimeric MS/MS
-642	Annotated MS/MS	5545000	Annotated MS/MS
-646	Unknown MS/MS	7870000	Unknown MS/MS
-656	Chimeric MS/MS	4705000	Chimeric MS/MS
410	Unknown MS/MS	6217000	Unknown MS/MS
-658	Unknown MS/MS	6182000	Unknown MS/MS
-669	Annotated MS/MS	87850000	Annotated MS/MS
18	Unknown MS/MS	66390000	Unknown MS/MS
-721	No MS/MS	1595000	No MS/MS
-724	Chimeric MS/MS	4159000	Chimeric MS/MS
-734	Unknown MS/MS	10810000	Unknown MS/MS
-735	Chimeric MS/MS	12140000	Chimeric MS/MS
-739	Chimeric MS/MS	5325000	Chimeric MS/MS
-740	No MS/MS	1546000	No MS/MS
-758	Chimeric MS/MS	1420000	Chimeric MS/MS
-760	Chimeric MS/MS	1698000	Chimeric MS/MS
-761	Unknown MS/MS	29230000	Unknown MS/MS
19	Chimeric MS/MS	8043000	Chimeric MS/MS
-789	Chimeric MS/MS	1341000	Chimeric MS/MS
411	Chimeric MS/MS	10560000	Chimeric MS/MS
-803	No MS/MS	1931000	No MS/MS
412	Unknown MS/MS	3416000	Unknown MS/MS
-809	Annotated MS/MS	1017000	Annotated MS/MS
20	Unknown MS/MS	144100000	Unknown MS/MS
21	Annotated MS/MS	36930000	Annotated MS/MS
22	Chimeric MS/MS	4536000	Chimeric MS/MS
-820	Annotated MS/MS	7019000	Annotated MS/MS
-821	Unknown MS/MS	10480000	Unknown MS/MS
-822	Unknown MS/MS	21400000	Unknown MS/MS
-824	Chimeric MS/MS	3729000	Chimeric MS/MS
-838	Unknown MS/MS	2824000	Unknown MS/MS
-839	Unknown MS/MS	1299000	Unknown MS/MS
-844	Chimeric MS/MS	895300	Chimeric MS/MS
-846	Unknown MS/MS	1607000	Unknown MS/MS
-847	Chimeric MS/MS	3420000	Chimeric MS/MS
-849	Chimeric MS/MS	2438000	Chimeric MS/MS
-851	Unknown MS/MS	4973000	Unknown MS/MS
23	Chimeric MS/MS	1492000	Chimeric MS/MS
-859	Annotated MS/MS	2187000	Annotated MS/MS
24	Unknown MS/MS	2224000	Unknown MS/MS
26	Chimeric MS/MS	5477000	Chimeric MS/MS
414	Unknown MS/MS	6600000	Unknown MS/MS
-877	Unknown MS/MS	1554000	Unknown MS/MS
-882	No MS/MS	2964000	No MS/MS
-884	Chimeric MS/MS	1236000	Chimeric MS/MS
25	Chimeric MS/MS	3528000	Chimeric MS/MS
29	Chimeric MS/MS	9274000	Chimeric MS/MS
28	Annotated MS/MS	14830000	Annotated MS/MS
30	Annotated MS/MS	4533000	Annotated MS/MS
-913	Chimeric MS/MS	9027000	Chimeric MS/MS
-915	Chimeric MS/MS	1016000	Chimeric MS/MS
31	Chimeric MS/MS	1178000	Chimeric MS/MS
-920	Chimeric MS/MS	2299000	Chimeric MS/MS
416	Annotated MS/MS	4671000	Annotated MS/MS
415	Annotated MS/MS	2108000	Annotated MS/MS
-929	Chimeric MS/MS	1241000	Chimeric MS/MS
-946	Chimeric MS/MS	4616000	Chimeric MS/MS
-951	Unknown MS/MS	8758000	Unknown MS/MS
-954	Unknown MS/MS	76170000	Unknown MS/MS
-961	Unknown MS/MS	101900000	Unknown MS/MS
-975	Chimeric MS/MS	1774000	Chimeric MS/MS
-981	Chimeric MS/MS	4094000	Chimeric MS/MS
418	Chimeric MS/MS	1366000	Chimeric MS/MS
420	Chimeric MS/MS	4072000	Chimeric MS/MS
421	Unknown MS/MS	2247000	Unknown MS/MS
36	Unknown MS/MS	5531000	Unknown MS/MS
-987	Unknown MS/MS	1188000	Unknown MS/MS
-992	Chimeric MS/MS	904900	Chimeric MS/MS
419	Chimeric MS/MS	1815000	Chimeric MS/MS
-997	Chimeric MS/MS	998300	Chimeric MS/MS
-1000	Chimeric MS/MS	5280000	Chimeric MS/MS
-1003	Unknown MS/MS	1622000	Unknown MS/MS
-1029	Chimeric MS/MS	4553000	Chimeric MS/MS
-1031	Chimeric MS/MS	1714000	Chimeric MS/MS
37	Chimeric MS/MS	6132000	Chimeric MS/MS
-1038	Chimeric MS/MS	1608000	Chimeric MS/MS
-1039	Unknown MS/MS	7917000	Unknown MS/MS
-1040	Chimeric MS/MS	2423000	Chimeric MS/MS
38	Chimeric MS/MS	3345000	Chimeric MS/MS
-1048	Chimeric MS/MS	1251000	Chimeric MS/MS
40	Annotated MS/MS	738700000	Annotated MS/MS
-1052	Unknown MS/MS	7828000	Unknown MS/MS
-1056	Chimeric MS/MS	1222000	Chimeric MS/MS
-1058	Chimeric MS/MS	2372000	Chimeric MS/MS
422	Chimeric MS/MS	7977000	Chimeric MS/MS
-1064	Chimeric MS/MS	1054000	Chimeric MS/MS
42	Chimeric MS/MS	1545000	Chimeric MS/MS
423	Chimeric MS/MS	7931000	Chimeric MS/MS
-1083	Chimeric MS/MS	1747000	Chimeric MS/MS
-1086	Chimeric MS/MS	1332000	Chimeric MS/MS
-1098	Chimeric MS/MS	1320000	Chimeric MS/MS
-1101	Chimeric MS/MS	1295000	Chimeric MS/MS
-1104	Chimeric MS/MS	1325000	Chimeric MS/MS
-1117	Chimeric MS/MS	909000	Chimeric MS/MS
-1120	Chimeric MS/MS	1196000	Chimeric MS/MS
-1127	Annotated MS/MS	1124000	Annotated MS/MS
-1131	Chimeric MS/MS	1452000	Chimeric MS/MS
424	No MS/MS	1692000	No MS/MS
-1138	Unknown MS/MS	2214000	Unknown MS/MS
44	Chimeric MS/MS	6467000	Chimeric MS/MS
425	Chimeric MS/MS	2038000	Chimeric MS/MS
45	Unknown MS/MS	2712000	Unknown MS/MS
43	Chimeric MS/MS	3091000	Chimeric MS/MS
-1177	Chimeric MS/MS	1052000	Chimeric MS/MS
426	Chimeric MS/MS	4143000	Chimeric MS/MS
-1187	Chimeric MS/MS	1632000	Chimeric MS/MS
47	Annotated MS/MS	2141000	Annotated MS/MS
48	No MS/MS	273700000	No MS/MS
-1217	Chimeric MS/MS	1559000	Chimeric MS/MS
-1219	Chimeric MS/MS	1613000	Chimeric MS/MS
-1220	Chimeric MS/MS	1088000	Chimeric MS/MS
-1222	Chimeric MS/MS	1097000	Chimeric MS/MS
-1223	Annotated MS/MS	2253000	Annotated MS/MS
-1224	Annotated MS/MS	3208000	Annotated MS/MS
428	Chimeric MS/MS	1884000	Chimeric MS/MS
-1239	Chimeric MS/MS	2462000	Chimeric MS/MS
51	Annotated MS/MS	3478000	Annotated MS/MS
-1245	Chimeric MS/MS	1055000	Chimeric MS/MS
52	Annotated MS/MS	138400000	Annotated MS/MS
-1254	Unknown MS/MS	945100	Unknown MS/MS
54	Chimeric MS/MS	61740000	Chimeric MS/MS
-1267	Chimeric MS/MS	2003000	Chimeric MS/MS
56	Chimeric MS/MS	1942000	Chimeric MS/MS
-1270	No MS/MS	982500	No MS/MS
-1271	Unknown MS/MS	3964000	Unknown MS/MS
57	Annotated MS/MS	1.89e+08	Annotated MS/MS
-1280	Chimeric MS/MS	3526000	Chimeric MS/MS
429	Unknown MS/MS	58410000	Unknown MS/MS
-1287	Chimeric MS/MS	1066000	Chimeric MS/MS
55	Annotated MS/MS	53980000	Annotated MS/MS
-1293	No MS/MS	1319000	No MS/MS
-1298	Chimeric MS/MS	1584000	Chimeric MS/MS
-1300	Unknown MS/MS	3105000	Unknown MS/MS
-1301	Chimeric MS/MS	5258000	Chimeric MS/MS
430	Annotated MS/MS	3442000	Annotated MS/MS
-1310	Annotated MS/MS	2773000	Annotated MS/MS
431	No MS/MS	2144000	No MS/MS
-1317	Chimeric MS/MS	5475000	Chimeric MS/MS
-1332	Annotated MS/MS	9092000	Annotated MS/MS
-1335	Chimeric MS/MS	4665000	Chimeric MS/MS
-1340	No MS/MS	5503000	No MS/MS
432	Chimeric MS/MS	4366000	Chimeric MS/MS
-1359	Annotated MS/MS	3966000	Annotated MS/MS
-1371	Chimeric MS/MS	1843000	Chimeric MS/MS
-1377	Chimeric MS/MS	1778000	Chimeric MS/MS
-1385	Chimeric MS/MS	42920000	Chimeric MS/MS
433	Chimeric MS/MS	14170000	Chimeric MS/MS
435	Annotated MS/MS	748600000	Annotated MS/MS
59	Chimeric MS/MS	2850000	Chimeric MS/MS
434	Unknown MS/MS	79600000	Unknown MS/MS
-1444	Chimeric MS/MS	4332000	Chimeric MS/MS
-1445	No MS/MS	2619000	No MS/MS
-1446	Annotated MS/MS	5217000	Annotated MS/MS
58	Annotated MS/MS	109300000	Annotated MS/MS
436	Unknown MS/MS	4158000	Unknown MS/MS
-1454	No MS/MS	1823000	No MS/MS
60	Unknown MS/MS	5044000	Unknown MS/MS
-1457	Unknown MS/MS	7763000	Unknown MS/MS
-1458	Unknown MS/MS	4684000	Unknown MS/MS
437	Chimeric MS/MS	3088000	Chimeric MS/MS
-1464	Chimeric MS/MS	1764000	Chimeric MS/MS
438	Unknown MS/MS	1195000	Unknown MS/MS
-1471	Unknown MS/MS	3619000	Unknown MS/MS
-1474	Chimeric MS/MS	727700	Chimeric MS/MS
61	Chimeric MS/MS	5853000	Chimeric MS/MS
440	Annotated MS/MS	189300000	Annotated MS/MS
439	No MS/MS	1567000	No MS/MS
441	Chimeric MS/MS	14420000	Chimeric MS/MS
62	Annotated MS/MS	13880000	Annotated MS/MS
63	Chimeric MS/MS	6295000	Chimeric MS/MS
-1506	Chimeric MS/MS	1284000	Chimeric MS/MS
442	Unknown MS/MS	13590000	Unknown MS/MS
-1509	No MS/MS	705200	No MS/MS
443	Chimeric MS/MS	6328000	Chimeric MS/MS
-1522	Unknown MS/MS	1005000	Unknown MS/MS
-1523	Chimeric MS/MS	725400	Chimeric MS/MS
64	Unknown MS/MS	2681000	Unknown MS/MS
-1535	Chimeric MS/MS	1926000	Chimeric MS/MS
-1536	Chimeric MS/MS	800200	Chimeric MS/MS
-1540	Chimeric MS/MS	871800	Chimeric MS/MS
-1542	Unknown MS/MS	724000	Unknown MS/MS
444	Unknown MS/MS	16660000	Unknown MS/MS
65	Chimeric MS/MS	7127000	Chimeric MS/MS
-1550	Chimeric MS/MS	656600	Chimeric MS/MS
446	Chimeric MS/MS	1693000	Chimeric MS/MS
445	Unknown MS/MS	8472000	Unknown MS/MS
448	Chimeric MS/MS	1005000	Chimeric MS/MS
-1563	Chimeric MS/MS	1290000	Chimeric MS/MS
-1564	Annotated MS/MS	707200	Annotated MS/MS
-1566	Chimeric MS/MS	950700	Chimeric MS/MS
-1568	Chimeric MS/MS	866500	Chimeric MS/MS
-1570	Chimeric MS/MS	2675000	Chimeric MS/MS
-1572	Chimeric MS/MS	729500	Chimeric MS/MS
449	Unknown MS/MS	3308000	Unknown MS/MS
-1577	Chimeric MS/MS	920800	Chimeric MS/MS
-1578	Chimeric MS/MS	835300	Chimeric MS/MS
-1581	Chimeric MS/MS	517700	Chimeric MS/MS
-1582	Unknown MS/MS	682400	Unknown MS/MS
66	Annotated MS/MS	3166000	Annotated MS/MS
68	Chimeric MS/MS	908100	Chimeric MS/MS
450	Chimeric MS/MS	1211000	Chimeric MS/MS
-1594	Chimeric MS/MS	904300	Chimeric MS/MS
-1597	Chimeric MS/MS	670300	Chimeric MS/MS
-1601	Chimeric MS/MS	1380000	Chimeric MS/MS
67	Annotated MS/MS	3146000	Annotated MS/MS
451	Unknown MS/MS	45910000	Unknown MS/MS
-1613	Chimeric MS/MS	1497000	Chimeric MS/MS
-1615	No MS/MS	753400	No MS/MS
-1616	No MS/MS	861200	No MS/MS
-1620	Unknown MS/MS	2250000	Unknown MS/MS
69	Annotated MS/MS	6840000	Annotated MS/MS
452	Chimeric MS/MS	982700	Chimeric MS/MS
-1630	Chimeric MS/MS	6e+06	Chimeric MS/MS
70	Annotated MS/MS	545700000	Annotated MS/MS
-1637	Chimeric MS/MS	3529000	Chimeric MS/MS
-1650	No MS/MS	2845000	No MS/MS
-1667	No MS/MS	2051000	No MS/MS
-1674	Chimeric MS/MS	2841000	Chimeric MS/MS
454	Unknown MS/MS	13970000	Unknown MS/MS
71	Annotated MS/MS	7846000	Annotated MS/MS
-1685	Unknown MS/MS	7348000	Unknown MS/MS
-1686	Chimeric MS/MS	2330000	Chimeric MS/MS
-1687	Chimeric MS/MS	1344000	Chimeric MS/MS
-1688	Unknown MS/MS	1611000	Unknown MS/MS
-1690	Unknown MS/MS	964000	Unknown MS/MS
72	Chimeric MS/MS	9102000	Chimeric MS/MS
73	Unknown MS/MS	1490000	Unknown MS/MS
-1693	Unknown MS/MS	27950000	Unknown MS/MS
-1696	Chimeric MS/MS	770200	Chimeric MS/MS
455	Annotated MS/MS	1670000	Annotated MS/MS
-1701	No MS/MS	923900	No MS/MS
456	Chimeric MS/MS	1500000	Chimeric MS/MS
-1707	Chimeric MS/MS	1122000	Chimeric MS/MS
457	Chimeric MS/MS	1732000	Chimeric MS/MS
-1710	Chimeric MS/MS	808600	Chimeric MS/MS
-1712	Unknown MS/MS	2812000	Unknown MS/MS
74	Chimeric MS/MS	3706000	Chimeric MS/MS
458	Chimeric MS/MS	1066000	Chimeric MS/MS
-1720	Chimeric MS/MS	942900	Chimeric MS/MS
75	Chimeric MS/MS	831600	Chimeric MS/MS
459	Chimeric MS/MS	13610000	Chimeric MS/MS
460	Chimeric MS/MS	1161000	Chimeric MS/MS
-1733	Chimeric MS/MS	791800	Chimeric MS/MS
-1734	Unknown MS/MS	8182000	Unknown MS/MS
461	Chimeric MS/MS	1393000	Chimeric MS/MS
-1737	Chimeric MS/MS	1079000	Chimeric MS/MS
462	Unknown MS/MS	3677000	Unknown MS/MS
76	Annotated MS/MS	8261000	Annotated MS/MS
-1749	Chimeric MS/MS	886200	Chimeric MS/MS
-1750	Unknown MS/MS	850500	Unknown MS/MS
-1751	Chimeric MS/MS	4046000	Chimeric MS/MS
-1756	Chimeric MS/MS	3333000	Chimeric MS/MS
-1758	Unknown MS/MS	1247000	Unknown MS/MS
-1760	Unknown MS/MS	1428000	Unknown MS/MS
-1762	Unknown MS/MS	1776000	Unknown MS/MS
463	Chimeric MS/MS	7162000	Chimeric MS/MS
-1776	Unknown MS/MS	1846000	Unknown MS/MS
-1777	Chimeric MS/MS	1462000	Chimeric MS/MS
77	Chimeric MS/MS	1014000	Chimeric MS/MS
464	Chimeric MS/MS	847600	Chimeric MS/MS
-1791	Chimeric MS/MS	958400	Chimeric MS/MS
-1793	Annotated MS/MS	931300	Annotated MS/MS
-1795	Unknown MS/MS	1663000	Unknown MS/MS
-1796	Chimeric MS/MS	913100	Chimeric MS/MS
-1801	No MS/MS	2007000	No MS/MS
81	Chimeric MS/MS	3042000	Chimeric MS/MS
-1811	Chimeric MS/MS	1371000	Chimeric MS/MS
-1822	Unknown MS/MS	846700	Unknown MS/MS
-1823	Unknown MS/MS	1892000	Unknown MS/MS
82	Unknown MS/MS	2796000	Unknown MS/MS
-1825	Unknown MS/MS	1485000	Unknown MS/MS
83	Annotated MS/MS	646400000	Annotated MS/MS
-1841	No MS/MS	937900	No MS/MS
-1843	Annotated MS/MS	1574000	Annotated MS/MS
85	Chimeric MS/MS	2331000	Chimeric MS/MS
-1848	Unknown MS/MS	2511000	Unknown MS/MS
-1859	Unknown MS/MS	7276000	Unknown MS/MS
465	Annotated MS/MS	1227000	Annotated MS/MS
86	Chimeric MS/MS	6779000	Chimeric MS/MS
-1878	Unknown MS/MS	5619000	Unknown MS/MS
87	Annotated MS/MS	7336000	Annotated MS/MS
-1902	Chimeric MS/MS	1112000	Chimeric MS/MS
-1909	Chimeric MS/MS	1133000	Chimeric MS/MS
466	Annotated MS/MS	1558000	Annotated MS/MS
-1912	Unknown MS/MS	1263000	Unknown MS/MS
-1914	Chimeric MS/MS	1234000	Chimeric MS/MS
-1916	Chimeric MS/MS	977900	Chimeric MS/MS
89	Annotated MS/MS	17900000	Annotated MS/MS
467	Unknown MS/MS	2237000	Unknown MS/MS
-1926	No MS/MS	2151000	No MS/MS
-1927	Unknown MS/MS	4253000	Unknown MS/MS
-1928	Unknown MS/MS	3145000	Unknown MS/MS
-1933	Unknown MS/MS	1924000	Unknown MS/MS
-1937	Annotated MS/MS	3275000	Annotated MS/MS
90	Chimeric MS/MS	6729000	Chimeric MS/MS
-1942	Unknown MS/MS	11400000	Unknown MS/MS
-1946	Annotated MS/MS	759500000	Annotated MS/MS
-1948	Chimeric MS/MS	2360000	Chimeric MS/MS
-1955	Annotated MS/MS	1206000	Annotated MS/MS
91	Annotated MS/MS	37720000	Annotated MS/MS
-1961	Chimeric MS/MS	656100	Chimeric MS/MS
-1965	Chimeric MS/MS	1718000	Chimeric MS/MS
-1966	Annotated MS/MS	3762000	Annotated MS/MS
-1967	Chimeric MS/MS	741700	Chimeric MS/MS
-1968	Annotated MS/MS	5654000	Annotated MS/MS
92	Unknown MS/MS	1039000	Unknown MS/MS
-1973	Unknown MS/MS	2299000	Unknown MS/MS
469	Unknown MS/MS	7009000	Unknown MS/MS
-1977	Unknown MS/MS	975600	Unknown MS/MS
470	Annotated MS/MS	8666000	Annotated MS/MS
-1984	Chimeric MS/MS	1731000	Chimeric MS/MS
-1986	Unknown MS/MS	1824000	Unknown MS/MS
-1988	Chimeric MS/MS	1207000	Chimeric MS/MS
471	Chimeric MS/MS	2953000	Chimeric MS/MS
-1991	Unknown MS/MS	675900	Unknown MS/MS
-1994	Chimeric MS/MS	5193000	Chimeric MS/MS
-1997	Unknown MS/MS	2531000	Unknown MS/MS
-1999	Unknown MS/MS	1905000	Unknown MS/MS
472	Chimeric MS/MS	1854000	Chimeric MS/MS
-2004	Unknown MS/MS	1132000	Unknown MS/MS
-2006	Unknown MS/MS	3852000	Unknown MS/MS
93	Annotated MS/MS	897700000	Annotated MS/MS
-2008	Unknown MS/MS	4433000	Unknown MS/MS
-2009	Unknown MS/MS	1331000	Unknown MS/MS
473	Chimeric MS/MS	1336000	Chimeric MS/MS
-2016	Unknown MS/MS	4373000	Unknown MS/MS
474	No MS/MS	7739000	No MS/MS
-2026	No MS/MS	4192000	No MS/MS
-2027	Annotated MS/MS	1431000	Annotated MS/MS
-2032	Chimeric MS/MS	1295000	Chimeric MS/MS
-2033	Chimeric MS/MS	2098000	Chimeric MS/MS
-2034	Unknown MS/MS	710600	Unknown MS/MS
-2037	Unknown MS/MS	772800	Unknown MS/MS
-2038	Unknown MS/MS	1683000	Unknown MS/MS
-2039	Unknown MS/MS	1614000	Unknown MS/MS
-2040	Unknown MS/MS	1414000	Unknown MS/MS
-2042	Unknown MS/MS	848100	Unknown MS/MS
-2046	Chimeric MS/MS	1046000	Chimeric MS/MS
475	Chimeric MS/MS	927800	Chimeric MS/MS
94	Unknown MS/MS	3491000	Unknown MS/MS
476	Chimeric MS/MS	2220000	Chimeric MS/MS
-2058	Chimeric MS/MS	1427000	Chimeric MS/MS
-2061	Chimeric MS/MS	1133000	Chimeric MS/MS
-2062	Unknown MS/MS	1482000	Unknown MS/MS
-2063	Unknown MS/MS	1112000	Unknown MS/MS
-2064	Chimeric MS/MS	568400	Chimeric MS/MS
-2065	Unknown MS/MS	527000	Unknown MS/MS
-2071	Chimeric MS/MS	641900	Chimeric MS/MS
-2073	Unknown MS/MS	1101000	Unknown MS/MS
-2075	Chimeric MS/MS	1048000	Chimeric MS/MS
-2076	Chimeric MS/MS	831600	Chimeric MS/MS
477	Annotated MS/MS	75100000	Annotated MS/MS
-2081	Chimeric MS/MS	546700	Chimeric MS/MS
-2082	Chimeric MS/MS	1437000	Chimeric MS/MS
-2086	Unknown MS/MS	613300	Unknown MS/MS
478	Unknown MS/MS	2164000	Unknown MS/MS
-2089	Unknown MS/MS	4656000	Unknown MS/MS
-2091	Chimeric MS/MS	569100	Chimeric MS/MS
-2092	Unknown MS/MS	1972000	Unknown MS/MS
-2093	Unknown MS/MS	753900	Unknown MS/MS
-2094	Chimeric MS/MS	438500	Chimeric MS/MS
479	Unknown MS/MS	748500	Unknown MS/MS
-2100	Chimeric MS/MS	635300	Chimeric MS/MS
-2101	Chimeric MS/MS	820200	Chimeric MS/MS
480	Annotated MS/MS	4937000	Annotated MS/MS
-2106	Chimeric MS/MS	488100	Chimeric MS/MS
481	Annotated MS/MS	14020000	Annotated MS/MS
-2110	Chimeric MS/MS	1311000	Chimeric MS/MS
95	Unknown MS/MS	9955000	Unknown MS/MS
-2114	Unknown MS/MS	1207000	Unknown MS/MS
-2118	Chimeric MS/MS	1796000	Chimeric MS/MS
-2123	Unknown MS/MS	2960000	Unknown MS/MS
-2125	Chimeric MS/MS	1377000	Chimeric MS/MS
-2126	Unknown MS/MS	3312000	Unknown MS/MS
97	Unknown MS/MS	2753000	Unknown MS/MS
482	Annotated MS/MS	28980000	Annotated MS/MS
-2150	Annotated MS/MS	3401000	Annotated MS/MS
-2163	Chimeric MS/MS	3911000	Chimeric MS/MS
101	Unknown MS/MS	2023000	Unknown MS/MS
99	Chimeric MS/MS	31080000	Chimeric MS/MS
484	Annotated MS/MS	4655000	Annotated MS/MS
-2188	Chimeric MS/MS	1758000	Chimeric MS/MS
98	Annotated MS/MS	25420000	Annotated MS/MS
-2214	Chimeric MS/MS	2525000	Chimeric MS/MS
-2231	Unknown MS/MS	3489000	Unknown MS/MS
485	Annotated MS/MS	6499000	Annotated MS/MS
-2239	Unknown MS/MS	30920000	Unknown MS/MS
102	Chimeric MS/MS	3399000	Chimeric MS/MS
-2248	Annotated MS/MS	9610000	Annotated MS/MS
483	Unknown MS/MS	28770000	Unknown MS/MS
-2267	Chimeric MS/MS	1184000	Chimeric MS/MS
-2272	Chimeric MS/MS	2476000	Chimeric MS/MS
104	Unknown MS/MS	9453000	Unknown MS/MS
-2289	Unknown MS/MS	977300	Unknown MS/MS
-2304	Chimeric MS/MS	4995000	Chimeric MS/MS
106	Unknown MS/MS	32910000	Unknown MS/MS
490	Chimeric MS/MS	1925000	Chimeric MS/MS
-2331	Unknown MS/MS	6851000	Unknown MS/MS
-2334	Chimeric MS/MS	2143000	Chimeric MS/MS
-2342	Chimeric MS/MS	1585000	Chimeric MS/MS
105	Chimeric MS/MS	7655000	Chimeric MS/MS
-2358	Unknown MS/MS	13750000	Unknown MS/MS
-2365	Unknown MS/MS	4048000	Unknown MS/MS
-2390	Annotated MS/MS	1064000	Annotated MS/MS
-2394	Chimeric MS/MS	1309000	Chimeric MS/MS
109	Chimeric MS/MS	1212000	Chimeric MS/MS
-2402	Chimeric MS/MS	1663000	Chimeric MS/MS
-2407	No MS/MS	2209000	No MS/MS
-2417	Chimeric MS/MS	2811000	Chimeric MS/MS
110	Chimeric MS/MS	1002000	Chimeric MS/MS
-2422	Chimeric MS/MS	4238000	Chimeric MS/MS
111	Chimeric MS/MS	2097000	Chimeric MS/MS
-2435	Chimeric MS/MS	1997000	Chimeric MS/MS
-2443	Unknown MS/MS	3197000	Unknown MS/MS
-2446	Unknown MS/MS	2229000	Unknown MS/MS
112	Chimeric MS/MS	1899000	Chimeric MS/MS
493	Annotated MS/MS	3395000	Annotated MS/MS
494	Annotated MS/MS	2929000	Annotated MS/MS
-2456	Unknown MS/MS	3402000	Unknown MS/MS
-2457	Chimeric MS/MS	2123000	Chimeric MS/MS
-2466	Chimeric MS/MS	1192000	Chimeric MS/MS
-2473	Unknown MS/MS	759300	Unknown MS/MS
-2488	Unknown MS/MS	1178000	Unknown MS/MS
495	Chimeric MS/MS	2773000	Chimeric MS/MS
-2490	Chimeric MS/MS	3834000	Chimeric MS/MS
113	Chimeric MS/MS	23780000	Chimeric MS/MS
118	Chimeric MS/MS	1601000	Chimeric MS/MS
-2502	Chimeric MS/MS	885100	Chimeric MS/MS
-2505	Chimeric MS/MS	1750000	Chimeric MS/MS
-2510	Chimeric MS/MS	1347000	Chimeric MS/MS
-2514	Chimeric MS/MS	1025000	Chimeric MS/MS
-2520	Chimeric MS/MS	3152000	Chimeric MS/MS
116	Annotated MS/MS	3916000	Annotated MS/MS
-2524	Chimeric MS/MS	1275000	Chimeric MS/MS
115	Unknown MS/MS	2839000	Unknown MS/MS
117	Unknown MS/MS	53390000	Unknown MS/MS
-2548	Chimeric MS/MS	2961000	Chimeric MS/MS
-2555	Unknown MS/MS	6579000	Unknown MS/MS
498	Unknown MS/MS	8251000	Unknown MS/MS
119	Annotated MS/MS	68710000	Annotated MS/MS
-2565	Chimeric MS/MS	2043000	Chimeric MS/MS
-2566	Unknown MS/MS	7316000	Unknown MS/MS
-2569	Unknown MS/MS	1830000	Unknown MS/MS
114	Chimeric MS/MS	987900	Chimeric MS/MS
-2573	Annotated MS/MS	10860000	Annotated MS/MS
-2575	Unknown MS/MS	3329000	Unknown MS/MS
-2576	Chimeric MS/MS	2033000	Chimeric MS/MS
500	Chimeric MS/MS	4833000	Chimeric MS/MS
-2580	Unknown MS/MS	1567000	Unknown MS/MS
501	Unknown MS/MS	10980000	Unknown MS/MS
-2598	Annotated MS/MS	2890000	Annotated MS/MS
-2600	Unknown MS/MS	7302000	Unknown MS/MS
-2601	Unknown MS/MS	1329000	Unknown MS/MS
120	Unknown MS/MS	859800	Unknown MS/MS
-2613	Unknown MS/MS	2562000	Unknown MS/MS
-2614	Unknown MS/MS	3967000	Unknown MS/MS
-2620	Chimeric MS/MS	1458000	Chimeric MS/MS
-2625	Chimeric MS/MS	1162000	Chimeric MS/MS
502	Chimeric MS/MS	3086000	Chimeric MS/MS
-2642	Chimeric MS/MS	1150000	Chimeric MS/MS
122	Chimeric MS/MS	2891000	Chimeric MS/MS
121	Unknown MS/MS	5314000	Unknown MS/MS
504	Chimeric MS/MS	1058000	Chimeric MS/MS
-2654	Chimeric MS/MS	2327000	Chimeric MS/MS
-2656	Chimeric MS/MS	1292000	Chimeric MS/MS
-2664	Chimeric MS/MS	2182000	Chimeric MS/MS
-2667	Unknown MS/MS	1663000	Unknown MS/MS
-2668	Unknown MS/MS	6100000	Unknown MS/MS
-2669	Chimeric MS/MS	2988000	Chimeric MS/MS
-2670	Chimeric MS/MS	946100	Chimeric MS/MS
-2676	Chimeric MS/MS	2786000	Chimeric MS/MS
-2678	Chimeric MS/MS	1288000	Chimeric MS/MS
-2679	Chimeric MS/MS	1750000	Chimeric MS/MS
123	Annotated MS/MS	1.357e+09	Annotated MS/MS
-2682	Chimeric MS/MS	1308000	Chimeric MS/MS
505	Chimeric MS/MS	13190000	Chimeric MS/MS
506	Chimeric MS/MS	4152000	Chimeric MS/MS
-2694	No MS/MS	1168000	No MS/MS
124	Unknown MS/MS	5586000	Unknown MS/MS
-2701	No MS/MS	12390000	No MS/MS
-2702	Chimeric MS/MS	2721000	Chimeric MS/MS
-2705	Chimeric MS/MS	2851000	Chimeric MS/MS
-2709	Unknown MS/MS	1598000	Unknown MS/MS
507	Annotated MS/MS	32750000	Annotated MS/MS
-2715	Unknown MS/MS	1342000	Unknown MS/MS
-2725	No MS/MS	4716000	No MS/MS
-2746	No MS/MS	1636000	No MS/MS
-2757	Unknown MS/MS	2317000	Unknown MS/MS
-2762	No MS/MS	2081000	No MS/MS
-2766	Unknown MS/MS	2180000	Unknown MS/MS
-2767	Unknown MS/MS	4644000	Unknown MS/MS
509	Chimeric MS/MS	7113000	Chimeric MS/MS
-2772	Unknown MS/MS	2222000	Unknown MS/MS
-2773	Unknown MS/MS	2873000	Unknown MS/MS
-2774	Unknown MS/MS	6416000	Unknown MS/MS
126	Chimeric MS/MS	3813000	Chimeric MS/MS
-2778	Chimeric MS/MS	36960000	Chimeric MS/MS
-2781	Unknown MS/MS	1441000	Unknown MS/MS
127	Annotated MS/MS	14470000	Annotated MS/MS
-2783	Unknown MS/MS	6232000	Unknown MS/MS
510	Chimeric MS/MS	18370000	Chimeric MS/MS
-2805	Chimeric MS/MS	2302000	Chimeric MS/MS
511	Unknown MS/MS	1629000	Unknown MS/MS
-2808	Chimeric MS/MS	1055000	Chimeric MS/MS
-2809	Chimeric MS/MS	1832000	Chimeric MS/MS
128	Annotated MS/MS	1792000	Annotated MS/MS
513	Annotated MS/MS	8932000	Annotated MS/MS
512	Unknown MS/MS	2795000	Unknown MS/MS
-2826	Chimeric MS/MS	1422000	Chimeric MS/MS
-2827	Unknown MS/MS	19150000	Unknown MS/MS
-2835	Chimeric MS/MS	1445000	Chimeric MS/MS
-2838	Unknown MS/MS	1703000	Unknown MS/MS
131	Chimeric MS/MS	5083000	Chimeric MS/MS
-2845	Chimeric MS/MS	939900	Chimeric MS/MS
514	Unknown MS/MS	6363000	Unknown MS/MS
-2849	Unknown MS/MS	1353000	Unknown MS/MS
-2851	Unknown MS/MS	2161000	Unknown MS/MS
-2852	No MS/MS	2299000	No MS/MS
130	Chimeric MS/MS	1683000	Chimeric MS/MS
-2860	Chimeric MS/MS	1782000	Chimeric MS/MS
132	Annotated MS/MS	20780000	Annotated MS/MS
-2868	Annotated MS/MS	1577000	Annotated MS/MS
133	Annotated MS/MS	3035000	Annotated MS/MS
134	Chimeric MS/MS	10990000	Chimeric MS/MS
136	Unknown MS/MS	1393000	Unknown MS/MS
-2894	Unknown MS/MS	2650000	Unknown MS/MS
518	Chimeric MS/MS	4135000	Chimeric MS/MS
137	Unknown MS/MS	971700	Unknown MS/MS
519	No MS/MS	12890000	No MS/MS
-2918	No MS/MS	1137000	No MS/MS
520	Chimeric MS/MS	13200000	Chimeric MS/MS
-2922	Unknown MS/MS	1667000	Unknown MS/MS
-2923	Chimeric MS/MS	1505000	Chimeric MS/MS
-2927	Unknown MS/MS	4883000	Unknown MS/MS
-2931	Chimeric MS/MS	3441000	Chimeric MS/MS
-2932	Chimeric MS/MS	1620000	Chimeric MS/MS
-2935	Chimeric MS/MS	1946000	Chimeric MS/MS
-2939	Chimeric MS/MS	1867000	Chimeric MS/MS
522	Chimeric MS/MS	1840000	Chimeric MS/MS
138	Annotated MS/MS	44830000	Annotated MS/MS
-2946	Chimeric MS/MS	1106000	Chimeric MS/MS
139	Chimeric MS/MS	4364000	Chimeric MS/MS
523	Unknown MS/MS	2728000	Unknown MS/MS
-2965	Annotated MS/MS	2337000	Annotated MS/MS
-2970	Unknown MS/MS	1206000	Unknown MS/MS
524	Annotated MS/MS	4651000	Annotated MS/MS
-2979	Annotated MS/MS	2482000	Annotated MS/MS
-2982	Unknown MS/MS	2425000	Unknown MS/MS
-2986	Chimeric MS/MS	878900	Chimeric MS/MS
-2991	Chimeric MS/MS	1850000	Chimeric MS/MS
-2992	Unknown MS/MS	3139000	Unknown MS/MS
525	Unknown MS/MS	2998000	Unknown MS/MS
526	Annotated MS/MS	6574000	Annotated MS/MS
-3002	Chimeric MS/MS	1610000	Chimeric MS/MS
-3004	Unknown MS/MS	1038000	Unknown MS/MS
-3005	Annotated MS/MS	20130000	Annotated MS/MS
-3008	Unknown MS/MS	5519000	Unknown MS/MS
141	Annotated MS/MS	7392000	Annotated MS/MS
-3011	Chimeric MS/MS	1864000	Chimeric MS/MS
-3012	Unknown MS/MS	3106000	Unknown MS/MS
-3015	Unknown MS/MS	1389000	Unknown MS/MS
-3016	Chimeric MS/MS	1741000	Chimeric MS/MS
142	Chimeric MS/MS	3510000	Chimeric MS/MS
527	Unknown MS/MS	14420000	Unknown MS/MS
528	Chimeric MS/MS	2591000	Chimeric MS/MS
-3028	Unknown MS/MS	7533000	Unknown MS/MS
143	Annotated MS/MS	25250000	Annotated MS/MS
-3042	Unknown MS/MS	958400	Unknown MS/MS
-3046	Unknown MS/MS	1803000	Unknown MS/MS
529	Chimeric MS/MS	4888000	Chimeric MS/MS
-3049	Chimeric MS/MS	779400	Chimeric MS/MS
-3055	Unknown MS/MS	3890000	Unknown MS/MS
-3056	Chimeric MS/MS	1263000	Chimeric MS/MS
-3057	Unknown MS/MS	1091000	Unknown MS/MS
530	Unknown MS/MS	1496000	Unknown MS/MS
-3059	Unknown MS/MS	12060000	Unknown MS/MS
-3062	Unknown MS/MS	7076000	Unknown MS/MS
531	Unknown MS/MS	3876000	Unknown MS/MS
-3076	Unknown MS/MS	2490000	Unknown MS/MS
-3078	Chimeric MS/MS	2508000	Chimeric MS/MS
-3079	Chimeric MS/MS	1018000	Chimeric MS/MS
532	Unknown MS/MS	1721000	Unknown MS/MS
-3083	Chimeric MS/MS	4005000	Chimeric MS/MS
-3084	Unknown MS/MS	2214000	Unknown MS/MS
-3085	Chimeric MS/MS	2143000	Chimeric MS/MS
-3087	Chimeric MS/MS	1530000	Chimeric MS/MS
-3088	Unknown MS/MS	825800	Unknown MS/MS
-3089	Unknown MS/MS	5744000	Unknown MS/MS
-3093	Unknown MS/MS	1957000	Unknown MS/MS
-3094	Unknown MS/MS	3768000	Unknown MS/MS
533	Unknown MS/MS	5305000	Unknown MS/MS
-3099	Unknown MS/MS	4273000	Unknown MS/MS
-3100	Unknown MS/MS	1045000	Unknown MS/MS
-3102	Chimeric MS/MS	1267000	Chimeric MS/MS
534	Unknown MS/MS	5373000	Unknown MS/MS
-3108	Chimeric MS/MS	1310000	Chimeric MS/MS
535	Unknown MS/MS	6073000	Unknown MS/MS
-3111	Chimeric MS/MS	1292000	Chimeric MS/MS
536	Annotated MS/MS	1646000	Annotated MS/MS
144	Annotated MS/MS	2903000	Annotated MS/MS
-3119	Unknown MS/MS	1301000	Unknown MS/MS
-3120	Chimeric MS/MS	1521000	Chimeric MS/MS
537	Chimeric MS/MS	2619000	Chimeric MS/MS
-3126	Unknown MS/MS	3267000	Unknown MS/MS
-3129	Chimeric MS/MS	878000	Chimeric MS/MS
-3130	Annotated MS/MS	2279000	Annotated MS/MS
-3133	Chimeric MS/MS	927700	Chimeric MS/MS
-3134	Annotated MS/MS	21790000	Annotated MS/MS
-3135	Chimeric MS/MS	1050000	Chimeric MS/MS
539	Annotated MS/MS	16360000	Annotated MS/MS
541	Chimeric MS/MS	1851000	Chimeric MS/MS
-3148	Unknown MS/MS	1535000	Unknown MS/MS
543	Chimeric MS/MS	11800000	Chimeric MS/MS
542	Chimeric MS/MS	1698000	Chimeric MS/MS
544	Unknown MS/MS	4786000	Unknown MS/MS
145	Annotated MS/MS	26830000	Annotated MS/MS
-3166	Chimeric MS/MS	1046000	Chimeric MS/MS
-3170	Annotated MS/MS	587400	Annotated MS/MS
546	Chimeric MS/MS	4790000	Chimeric MS/MS
-3181	Unknown MS/MS	1442000	Unknown MS/MS
-3182	Unknown MS/MS	1510000	Unknown MS/MS
-3183	Chimeric MS/MS	983400	Chimeric MS/MS
-3186	Unknown MS/MS	3244000	Unknown MS/MS
547	Chimeric MS/MS	1414000	Chimeric MS/MS
548	Unknown MS/MS	2897000	Unknown MS/MS
-3189	Chimeric MS/MS	1145000	Chimeric MS/MS
-3194	Unknown MS/MS	4367000	Unknown MS/MS
-3195	Chimeric MS/MS	3610000	Chimeric MS/MS
-3196	Unknown MS/MS	4690000	Unknown MS/MS
550	Unknown MS/MS	16110000	Unknown MS/MS
551	Unknown MS/MS	1883000	Unknown MS/MS
552	No MS/MS	1315000	No MS/MS
-3208	Chimeric MS/MS	918500	Chimeric MS/MS
146	Annotated MS/MS	304500000	Annotated MS/MS
-3214	Unknown MS/MS	2086000	Unknown MS/MS
553	No MS/MS	2775000	No MS/MS
-3230	Chimeric MS/MS	1691000	Chimeric MS/MS
554	Annotated MS/MS	45120000	Annotated MS/MS
556	Unknown MS/MS	3899000	Unknown MS/MS
555	Unknown MS/MS	4735000	Unknown MS/MS
-3264	Unknown MS/MS	2737000	Unknown MS/MS
-3273	Chimeric MS/MS	1418000	Chimeric MS/MS
-3274	Chimeric MS/MS	1765000	Chimeric MS/MS
-3275	Unknown MS/MS	935200	Unknown MS/MS
-3277	Unknown MS/MS	3072000	Unknown MS/MS
-3279	Chimeric MS/MS	1421000	Chimeric MS/MS
-3280	No MS/MS	850900	No MS/MS
-3281	Unknown MS/MS	3308000	Unknown MS/MS
558	Annotated MS/MS	7429000	Annotated MS/MS
-3285	Unknown MS/MS	2622000	Unknown MS/MS
-3288	Unknown MS/MS	2791000	Unknown MS/MS
-3290	Chimeric MS/MS	3783000	Chimeric MS/MS
559	Unknown MS/MS	3825000	Unknown MS/MS
-3295	Unknown MS/MS	1891000	Unknown MS/MS
-3296	Unknown MS/MS	2108000	Unknown MS/MS
560	Annotated MS/MS	20910000	Annotated MS/MS
-3301	Unknown MS/MS	1541000	Unknown MS/MS
-3315	No MS/MS	87390000	No MS/MS
-3328	Unknown MS/MS	4356000	Unknown MS/MS
149	Annotated MS/MS	4.816e+09	Annotated MS/MS
-3347	No MS/MS	38690000	No MS/MS
-3356	No MS/MS	5120000	No MS/MS
-3366	Unknown MS/MS	2393000	Unknown MS/MS
561	Unknown MS/MS	3410000	Unknown MS/MS
-3371	Chimeric MS/MS	6649000	Chimeric MS/MS
-3372	Unknown MS/MS	2319000	Unknown MS/MS
-3379	Unknown MS/MS	2198000	Unknown MS/MS
-3380	Unknown MS/MS	3967000	Unknown MS/MS
-3382	Chimeric MS/MS	3837000	Chimeric MS/MS
-3385	Annotated MS/MS	5906000	Annotated MS/MS
-3388	Unknown MS/MS	2084000	Unknown MS/MS
-3389	Unknown MS/MS	1943000	Unknown MS/MS
150	Chimeric MS/MS	4043000	Chimeric MS/MS
-3392	Unknown MS/MS	5986000	Unknown MS/MS
-3395	Unknown MS/MS	3819000	Unknown MS/MS
562	Unknown MS/MS	19780000	Unknown MS/MS
-3400	Unknown MS/MS	1424000	Unknown MS/MS
-3402	Unknown MS/MS	1024000	Unknown MS/MS
-3403	Chimeric MS/MS	874600	Chimeric MS/MS
-3406	Unknown MS/MS	1198000	Unknown MS/MS
-3408	Unknown MS/MS	3471000	Unknown MS/MS
-3409	Chimeric MS/MS	1317000	Chimeric MS/MS
-3413	Chimeric MS/MS	1236000	Chimeric MS/MS
-3414	Unknown MS/MS	2449000	Unknown MS/MS
565	Unknown MS/MS	29600000	Unknown MS/MS
-3420	Unknown MS/MS	1060000	Unknown MS/MS
-3424	Chimeric MS/MS	2008000	Chimeric MS/MS
566	Unknown MS/MS	28140000	Unknown MS/MS
151	Chimeric MS/MS	422300000	Chimeric MS/MS
-3444	Unknown MS/MS	1380000	Unknown MS/MS
-3446	Unknown MS/MS	5251000	Unknown MS/MS
-3449	Chimeric MS/MS	1253000	Chimeric MS/MS
152	Unknown MS/MS	2113000	Unknown MS/MS
-3453	Unknown MS/MS	1670000	Unknown MS/MS
-3455	Chimeric MS/MS	1375000	Chimeric MS/MS
567	Unknown MS/MS	6607000	Unknown MS/MS
569	Annotated MS/MS	2780000	Annotated MS/MS
-3466	Chimeric MS/MS	1703000	Chimeric MS/MS
570	Chimeric MS/MS	30770000	Chimeric MS/MS
153	Chimeric MS/MS	2191000	Chimeric MS/MS
154	Chimeric MS/MS	4607000	Chimeric MS/MS
-3477	Unknown MS/MS	5521000	Unknown MS/MS
-3478	Unknown MS/MS	1699000	Unknown MS/MS
-3479	Chimeric MS/MS	1917000	Chimeric MS/MS
571	Annotated MS/MS	2115000	Annotated MS/MS
-3482	No MS/MS	860000	No MS/MS
-3483	Chimeric MS/MS	3268000	Chimeric MS/MS
-3485	Chimeric MS/MS	3736000	Chimeric MS/MS
572	Unknown MS/MS	3019000	Unknown MS/MS
-3488	No MS/MS	2365000	No MS/MS
-3489	Unknown MS/MS	583200	Unknown MS/MS
-3490	Chimeric MS/MS	1315000	Chimeric MS/MS
-3491	Unknown MS/MS	766300	Unknown MS/MS
155	Annotated MS/MS	86470000	Annotated MS/MS
156	Chimeric MS/MS	1375000	Chimeric MS/MS
574	Unknown MS/MS	4798000	Unknown MS/MS
-3516	Unknown MS/MS	1494000	Unknown MS/MS
-3518	Chimeric MS/MS	1011000	Chimeric MS/MS
-3522	Unknown MS/MS	2202000	Unknown MS/MS
-3523	Chimeric MS/MS	1529000	Chimeric MS/MS
157	Chimeric MS/MS	1540000	Chimeric MS/MS
-3530	Chimeric MS/MS	1219000	Chimeric MS/MS
-3531	No MS/MS	1175000	No MS/MS
-3533	Unknown MS/MS	3724000	Unknown MS/MS
575	Annotated MS/MS	7745000	Annotated MS/MS
-3538	Unknown MS/MS	880800	Unknown MS/MS
576	Chimeric MS/MS	8461000	Chimeric MS/MS
158	Unknown MS/MS	20420000	Unknown MS/MS
577	Unknown MS/MS	2966000	Unknown MS/MS
159	Chimeric MS/MS	20270000	Chimeric MS/MS
-3556	Chimeric MS/MS	990000	Chimeric MS/MS
-3557	Unknown MS/MS	4155000	Unknown MS/MS
-3561	Chimeric MS/MS	1089000	Chimeric MS/MS
-3562	Chimeric MS/MS	2749000	Chimeric MS/MS
-3564	No MS/MS	879400	No MS/MS
578	Unknown MS/MS	5809000	Unknown MS/MS
-3566	Unknown MS/MS	1949000	Unknown MS/MS
-3568	Chimeric MS/MS	953500	Chimeric MS/MS
-3571	Unknown MS/MS	1171000	Unknown MS/MS
160	Annotated MS/MS	4300000	Annotated MS/MS
579	Unknown MS/MS	1642000	Unknown MS/MS
580	Chimeric MS/MS	5065000	Chimeric MS/MS
581	Annotated MS/MS	2653000	Annotated MS/MS
-3587	No MS/MS	1153000	No MS/MS
582	Unknown MS/MS	880600	Unknown MS/MS
161	Unknown MS/MS	3950000	Unknown MS/MS
-3595	Unknown MS/MS	9531000	Unknown MS/MS
162	Annotated MS/MS	237700000	Annotated MS/MS
-3610	Unknown MS/MS	3107000	Unknown MS/MS
-3611	Unknown MS/MS	1893000	Unknown MS/MS
583	Unknown MS/MS	10210000	Unknown MS/MS
-3615	Annotated MS/MS	3665000	Annotated MS/MS
584	Unknown MS/MS	11260000	Unknown MS/MS
-3622	Unknown MS/MS	1833000	Unknown MS/MS
585	Unknown MS/MS	5137000	Unknown MS/MS
-3629	Unknown MS/MS	1618000	Unknown MS/MS
163	Annotated MS/MS	10180000	Annotated MS/MS
-3636	Unknown MS/MS	2237000	Unknown MS/MS
-3637	Unknown MS/MS	1689000	Unknown MS/MS
-3639	Unknown MS/MS	4012000	Unknown MS/MS
-3640	Chimeric MS/MS	2471000	Chimeric MS/MS
587	Unknown MS/MS	53030000	Unknown MS/MS
-3645	Unknown MS/MS	2033000	Unknown MS/MS
-3647	Unknown MS/MS	1062000	Unknown MS/MS
-3649	Unknown MS/MS	1570000	Unknown MS/MS
588	Unknown MS/MS	2117000	Unknown MS/MS
-3653	Unknown MS/MS	702000	Unknown MS/MS
589	Annotated MS/MS	61250000	Annotated MS/MS
590	Unknown MS/MS	632300	Unknown MS/MS
591	Chimeric MS/MS	1776000	Chimeric MS/MS
592	Unknown MS/MS	19550000	Unknown MS/MS
593	Annotated MS/MS	5997000	Annotated MS/MS
594	Annotated MS/MS	10500000	Annotated MS/MS
-3690	Unknown MS/MS	2085000	Unknown MS/MS
596	Annotated MS/MS	2158000	Annotated MS/MS
595	Unknown MS/MS	3494000	Unknown MS/MS
-3697	Unknown MS/MS	1993000	Unknown MS/MS
-3699	Unknown MS/MS	1508000	Unknown MS/MS
-3700	No MS/MS	1010000	No MS/MS
-3701	Unknown MS/MS	761800	Unknown MS/MS
-3702	Annotated MS/MS	4393000	Annotated MS/MS
-3703	Unknown MS/MS	918000	Unknown MS/MS
597	Annotated MS/MS	2891000	Annotated MS/MS
-3711	Annotated MS/MS	984200	Annotated MS/MS
-3713	Unknown MS/MS	903900	Unknown MS/MS
-3714	Unknown MS/MS	1799000	Unknown MS/MS
-3720	Unknown MS/MS	1281000	Unknown MS/MS
599	Unknown MS/MS	1751000	Unknown MS/MS
-3723	Unknown MS/MS	2231000	Unknown MS/MS
-3724	Unknown MS/MS	5741000	Unknown MS/MS
-3725	Chimeric MS/MS	1132000	Chimeric MS/MS
600	No MS/MS	3553000	No MS/MS
-3727	Unknown MS/MS	1416000	Unknown MS/MS
-3735	Unknown MS/MS	2064000	Unknown MS/MS
164	Annotated MS/MS	20430000	Annotated MS/MS
601	Annotated MS/MS	167300000	Annotated MS/MS
-3753	Chimeric MS/MS	1293000	Chimeric MS/MS
-3754	Unknown MS/MS	923400	Unknown MS/MS
602	Annotated MS/MS	10440000	Annotated MS/MS
-3762	Unknown MS/MS	3842000	Unknown MS/MS
603	Unknown MS/MS	1694000	Unknown MS/MS
-3765	Annotated MS/MS	2514000	Annotated MS/MS
-3767	Unknown MS/MS	2082000	Unknown MS/MS
-3769	Unknown MS/MS	2851000	Unknown MS/MS
-3772	Chimeric MS/MS	2544000	Chimeric MS/MS
604	Unknown MS/MS	3175000	Unknown MS/MS
-3775	Unknown MS/MS	970700	Unknown MS/MS
-3777	Unknown MS/MS	825300	Unknown MS/MS
-3778	Unknown MS/MS	2797000	Unknown MS/MS
605	Unknown MS/MS	4304000	Unknown MS/MS
606	Annotated MS/MS	5377000	Annotated MS/MS
-3785	No MS/MS	1092000	No MS/MS
-3786	Annotated MS/MS	1169000	Annotated MS/MS
-3788	Unknown MS/MS	894300	Unknown MS/MS
165	Chimeric MS/MS	3853000	Chimeric MS/MS
-3798	Chimeric MS/MS	1497000	Chimeric MS/MS
-3799	Unknown MS/MS	1809000	Unknown MS/MS
-3801	Annotated MS/MS	1058000	Annotated MS/MS
-3804	No MS/MS	1468000	No MS/MS
-3805	Unknown MS/MS	1713000	Unknown MS/MS
608	Annotated MS/MS	245900000	Annotated MS/MS
607	Annotated MS/MS	27470000	Annotated MS/MS
-3822	Unknown MS/MS	5977000	Unknown MS/MS
609	Annotated MS/MS	10960000	Annotated MS/MS
-3825	No MS/MS	1603000	No MS/MS
-3828	Unknown MS/MS	2392000	Unknown MS/MS
610	Unknown MS/MS	3407000	Unknown MS/MS
611	Unknown MS/MS	1429000	Unknown MS/MS
166	Chimeric MS/MS	2685000	Chimeric MS/MS
-3842	Unknown MS/MS	1293000	Unknown MS/MS
-3843	Chimeric MS/MS	2456000	Chimeric MS/MS
167	Annotated MS/MS	13300000	Annotated MS/MS
-3848	Unknown MS/MS	816700	Unknown MS/MS
-3849	Annotated MS/MS	1777000	Annotated MS/MS
612	Annotated MS/MS	10430000	Annotated MS/MS
614	Annotated MS/MS	1220000	Annotated MS/MS
-3860	Chimeric MS/MS	2286000	Chimeric MS/MS
615	Annotated MS/MS	9247000	Annotated MS/MS
-3870	Chimeric MS/MS	1044000	Chimeric MS/MS
-3872	Unknown MS/MS	2665000	Unknown MS/MS
616	Unknown MS/MS	1584000	Unknown MS/MS
-3874	Chimeric MS/MS	1665000	Chimeric MS/MS
617	Annotated MS/MS	253500000	Annotated MS/MS
168	Unknown MS/MS	5276000	Unknown MS/MS
618	Annotated MS/MS	7157000	Annotated MS/MS
619	Unknown MS/MS	10700000	Unknown MS/MS
-3901	Chimeric MS/MS	1251000	Chimeric MS/MS
620	Unknown MS/MS	11980000	Unknown MS/MS
621	Unknown MS/MS	4500000	Unknown MS/MS
-3911	Chimeric MS/MS	947200	Chimeric MS/MS
-3912	Annotated MS/MS	1127000	Annotated MS/MS
622	Annotated MS/MS	4020000	Annotated MS/MS
-3915	Chimeric MS/MS	1646000	Chimeric MS/MS
623	Annotated MS/MS	14360000	Annotated MS/MS
624	Unknown MS/MS	2714000	Unknown MS/MS
-3928	Unknown MS/MS	1124000	Unknown MS/MS
625	Annotated MS/MS	212700000	Annotated MS/MS
-3941	Annotated MS/MS	4504000	Annotated MS/MS
-3943	Unknown MS/MS	2623000	Unknown MS/MS
-3944	Unknown MS/MS	5487000	Unknown MS/MS
-3946	Unknown MS/MS	2641000	Unknown MS/MS
169	Annotated MS/MS	5624000	Annotated MS/MS
-3955	Unknown MS/MS	3236000	Unknown MS/MS
626	Unknown MS/MS	77390000	Unknown MS/MS
-3962	Unknown MS/MS	1121000	Unknown MS/MS
627	Annotated MS/MS	17810000	Annotated MS/MS
-3969	Unknown MS/MS	670500	Unknown MS/MS
628	Unknown MS/MS	82170000	Unknown MS/MS
-3977	Chimeric MS/MS	1057000	Chimeric MS/MS
629	Annotated MS/MS	141700000	Annotated MS/MS
630	Annotated MS/MS	2246000	Annotated MS/MS
-3996	Annotated MS/MS	2109000	Annotated MS/MS
631	Unknown MS/MS	14820000	Unknown MS/MS
632	Annotated MS/MS	7093000	Annotated MS/MS
-4005	Unknown MS/MS	2322000	Unknown MS/MS
-4006	Unknown MS/MS	1813000	Unknown MS/MS
634	Annotated MS/MS	15310000	Annotated MS/MS
635	Annotated MS/MS	6492000	Annotated MS/MS
-4019	Unknown MS/MS	2278000	Unknown MS/MS
-4021	Unknown MS/MS	1251000	Unknown MS/MS
-4022	Unknown MS/MS	1339000	Unknown MS/MS
636	Unknown MS/MS	16290000	Unknown MS/MS
-4026	Unknown MS/MS	1091000	Unknown MS/MS
-4027	Unknown MS/MS	3400000	Unknown MS/MS
-4028	Unknown MS/MS	1435000	Unknown MS/MS
639	Annotated MS/MS	69230000	Annotated MS/MS
-4045	Annotated MS/MS	1039000	Annotated MS/MS
-4047	No MS/MS	898800	No MS/MS
-4048	Unknown MS/MS	6556000	Unknown MS/MS
-4049	Unknown MS/MS	2537000	Unknown MS/MS
170	Unknown MS/MS	2655000	Unknown MS/MS
641	Unknown MS/MS	27910000	Unknown MS/MS
640	Annotated MS/MS	5412000	Annotated MS/MS
642	Annotated MS/MS	7885000	Annotated MS/MS
-4065	Unknown MS/MS	1358000	Unknown MS/MS
-4066	No MS/MS	1244000	No MS/MS
-4067	Unknown MS/MS	1386000	Unknown MS/MS
171	Unknown MS/MS	7002000	Unknown MS/MS
643	Unknown MS/MS	1207000	Unknown MS/MS
-4075	Unknown MS/MS	3467000	Unknown MS/MS
644	Annotated MS/MS	10070000	Annotated MS/MS
645	Chimeric MS/MS	13560000	Chimeric MS/MS
-4089	Unknown MS/MS	1254000	Unknown MS/MS
-4095	Annotated MS/MS	1694000	Annotated MS/MS
-4098	Unknown MS/MS	10930000	Unknown MS/MS
647	Unknown MS/MS	1003000	Unknown MS/MS
-4103	Unknown MS/MS	1872000	Unknown MS/MS
649	Annotated MS/MS	30780000	Annotated MS/MS
648	Annotated MS/MS	3205000	Annotated MS/MS
-4117	Annotated MS/MS	4983000	Annotated MS/MS
-4121	Annotated MS/MS	13550000	Annotated MS/MS
172	Unknown MS/MS	44500000	Unknown MS/MS
-4131	Unknown MS/MS	1122000	Unknown MS/MS
173	Unknown MS/MS	2636000	Unknown MS/MS
-4134	Chimeric MS/MS	1306000	Chimeric MS/MS
174	Chimeric MS/MS	2559000	Chimeric MS/MS
-4136	Chimeric MS/MS	997700	Chimeric MS/MS
-4138	Chimeric MS/MS	1217000	Chimeric MS/MS
650	Annotated MS/MS	16060000	Annotated MS/MS
-4148	Annotated MS/MS	1182000	Annotated MS/MS
-4150	Chimeric MS/MS	1169000	Chimeric MS/MS
651	Annotated MS/MS	3159000	Annotated MS/MS
-4152	Annotated MS/MS	1159000	Annotated MS/MS
175	Chimeric MS/MS	3083000	Chimeric MS/MS
-4161	Unknown MS/MS	1886000	Unknown MS/MS
652	Unknown MS/MS	1980000	Unknown MS/MS
-4164	Chimeric MS/MS	4607000	Chimeric MS/MS
176	Unknown MS/MS	2536000	Unknown MS/MS
653	Annotated MS/MS	5590000	Annotated MS/MS
-4178	Annotated MS/MS	17930000	Annotated MS/MS
654	Annotated MS/MS	25480000	Annotated MS/MS
655	Annotated MS/MS	2482000	Annotated MS/MS
-4195	Unknown MS/MS	1654000	Unknown MS/MS
-4196	Unknown MS/MS	1313000	Unknown MS/MS
177	Chimeric MS/MS	2004000	Chimeric MS/MS
-4203	Unknown MS/MS	1157000	Unknown MS/MS
-4205	Unknown MS/MS	1296000	Unknown MS/MS
-4206	Chimeric MS/MS	1732000	Chimeric MS/MS
-4207	Annotated MS/MS	1380000	Annotated MS/MS
-4209	Annotated MS/MS	5115000	Annotated MS/MS
656	Annotated MS/MS	5510000	Annotated MS/MS
-4219	Chimeric MS/MS	1555000	Chimeric MS/MS
-4221	Unknown MS/MS	960200	Unknown MS/MS
657	Chimeric MS/MS	1012000	Chimeric MS/MS
658	Annotated MS/MS	15510000	Annotated MS/MS
-4231	Unknown MS/MS	1322000	Unknown MS/MS
-4232	Unknown MS/MS	2576000	Unknown MS/MS
659	Annotated MS/MS	19500000	Annotated MS/MS
660	Unknown MS/MS	1772000	Unknown MS/MS
-4243	Chimeric MS/MS	766200	Chimeric MS/MS
-4244	Chimeric MS/MS	962800	Chimeric MS/MS
661	Annotated MS/MS	7178000	Annotated MS/MS
-4248	Unknown MS/MS	1884000	Unknown MS/MS
662	No MS/MS	5096000	No MS/MS
-4258	Unknown MS/MS	1511000	Unknown MS/MS
-4259	No MS/MS	719300	No MS/MS
-4260	Unknown MS/MS	815700	Unknown MS/MS
-4261	Unknown MS/MS	1200000	Unknown MS/MS
663	Annotated MS/MS	13410000	Annotated MS/MS
-4269	Chimeric MS/MS	871900	Chimeric MS/MS
664	Annotated MS/MS	13570000	Annotated MS/MS
178	Unknown MS/MS	1857000	Unknown MS/MS
665	Unknown MS/MS	1828000	Unknown MS/MS
-4281	No MS/MS	890900	No MS/MS
-4283	Chimeric MS/MS	607000	Chimeric MS/MS
666	Annotated MS/MS	10200000	Annotated MS/MS
-4294	Unknown MS/MS	1013000	Unknown MS/MS
667	Annotated MS/MS	13830000	Annotated MS/MS
668	Unknown MS/MS	5249000	Unknown MS/MS
-4309	Chimeric MS/MS	801100	Chimeric MS/MS
179	Annotated MS/MS	10770000	Annotated MS/MS
669	Annotated MS/MS	10220000	Annotated MS/MS
-4320	Annotated MS/MS	2420000	Annotated MS/MS
180	Chimeric MS/MS	3023000	Chimeric MS/MS
-4327	Unknown MS/MS	1970000	Unknown MS/MS
-4328	Chimeric MS/MS	784400	Chimeric MS/MS
-4329	Unknown MS/MS	926200	Unknown MS/MS
671	Annotated MS/MS	12250000	Annotated MS/MS
-4339	Unknown MS/MS	1151000	Unknown MS/MS
673	Chimeric MS/MS	8735000	Chimeric MS/MS
-4346	Unknown MS/MS	5222000	Unknown MS/MS
674	Annotated MS/MS	7591000	Annotated MS/MS
-4352	Unknown MS/MS	8625000	Unknown MS/MS
675	Annotated MS/MS	8080000	Annotated MS/MS
-4359	Unknown MS/MS	2036000	Unknown MS/MS
676	Annotated MS/MS	16570000	Annotated MS/MS
677	Chimeric MS/MS	17290000	Chimeric MS/MS
-4376	Chimeric MS/MS	1843000	Chimeric MS/MS
679	Annotated MS/MS	5216000	Annotated MS/MS
181	Chimeric MS/MS	15910000	Chimeric MS/MS
-4398	Annotated MS/MS	5037000	Annotated MS/MS
-4399	Annotated MS/MS	1146000	Annotated MS/MS
680	Annotated MS/MS	5252000	Annotated MS/MS
681	Annotated MS/MS	18540000	Annotated MS/MS
-4413	Chimeric MS/MS	957300	Chimeric MS/MS
-4414	Unknown MS/MS	1238000	Unknown MS/MS
-4415	Unknown MS/MS	922600	Unknown MS/MS
-4416	Unknown MS/MS	1328000	Unknown MS/MS
682	Annotated MS/MS	13630000	Annotated MS/MS
-4422	Unknown MS/MS	2270000	Unknown MS/MS
-4423	Unknown MS/MS	3050000	Unknown MS/MS
182	Unknown MS/MS	7159000	Unknown MS/MS
-4426	Unknown MS/MS	1608000	Unknown MS/MS
-4432	Chimeric MS/MS	1188000	Chimeric MS/MS
683	Unknown MS/MS	3055000	Unknown MS/MS
-4436	Chimeric MS/MS	1008000	Chimeric MS/MS
-4438	Unknown MS/MS	2957000	Unknown MS/MS
684	Annotated MS/MS	17730000	Annotated MS/MS
-4449	Annotated MS/MS	3523000	Annotated MS/MS
685	Annotated MS/MS	2728000	Annotated MS/MS
686	Unknown MS/MS	26260000	Unknown MS/MS
687	Annotated MS/MS	3293000	Annotated MS/MS
-4456	Chimeric MS/MS	1794000	Chimeric MS/MS
688	Unknown MS/MS	3873000	Unknown MS/MS
-4458	Unknown MS/MS	1963000	Unknown MS/MS
-4461	Chimeric MS/MS	1001000	Chimeric MS/MS
689	Annotated MS/MS	17730000	Annotated MS/MS
690	Annotated MS/MS	12410000	Annotated MS/MS
691	Annotated MS/MS	2210000	Annotated MS/MS
-4478	Annotated MS/MS	1546000	Annotated MS/MS
-4479	Unknown MS/MS	739800	Unknown MS/MS
-4481	Chimeric MS/MS	936400	Chimeric MS/MS
692	Unknown MS/MS	3839000	Unknown MS/MS
-4488	Unknown MS/MS	1556000	Unknown MS/MS
-4490	Annotated MS/MS	4653000	Annotated MS/MS
694	Annotated MS/MS	2519000	Annotated MS/MS
-4499	Chimeric MS/MS	769800	Chimeric MS/MS
183	Annotated MS/MS	16950000	Annotated MS/MS
-4503	Annotated MS/MS	1371000	Annotated MS/MS
-4505	Unknown MS/MS	1577000	Unknown MS/MS
-4507	Annotated MS/MS	1056000	Annotated MS/MS
184	Unknown MS/MS	8007000	Unknown MS/MS
-4516	No MS/MS	1617000	No MS/MS
-4519	Unknown MS/MS	1403000	Unknown MS/MS
695	Annotated MS/MS	14180000	Annotated MS/MS
-4527	Chimeric MS/MS	1840000	Chimeric MS/MS
696	Chimeric MS/MS	4564000	Chimeric MS/MS
-4534	No MS/MS	897000	No MS/MS
697	Unknown MS/MS	8151000	Unknown MS/MS
698	Annotated MS/MS	1581000	Annotated MS/MS
-4548	Annotated MS/MS	8847000	Annotated MS/MS
185	Annotated MS/MS	1.42e+08	Annotated MS/MS
-4552	Chimeric MS/MS	1403000	Chimeric MS/MS
699	Annotated MS/MS	5367000	Annotated MS/MS
-4564	Unknown MS/MS	1399000	Unknown MS/MS
700	Unknown MS/MS	2466000	Unknown MS/MS
-4569	Unknown MS/MS	852100	Unknown MS/MS
-4574	Annotated MS/MS	5279000	Annotated MS/MS
703	Annotated MS/MS	6083000	Annotated MS/MS
702	Unknown MS/MS	2300000	Unknown MS/MS
704	Unknown MS/MS	2286000	Unknown MS/MS
-4588	Unknown MS/MS	6316000	Unknown MS/MS
707	No MS/MS	3858000	No MS/MS
-4593	No MS/MS	1599000	No MS/MS
706	Unknown MS/MS	26620000	Unknown MS/MS
-4596	Chimeric MS/MS	2702000	Chimeric MS/MS
-4600	Unknown MS/MS	2633000	Unknown MS/MS
708	Unknown MS/MS	4343000	Unknown MS/MS
-4602	Chimeric MS/MS	1814000	Chimeric MS/MS
711	Annotated MS/MS	241600000	Annotated MS/MS
-4621	Chimeric MS/MS	1603000	Chimeric MS/MS
712	Annotated MS/MS	6334000	Annotated MS/MS
713	Unknown MS/MS	1334000	Unknown MS/MS
-4632	Unknown MS/MS	1105000	Unknown MS/MS
187	Unknown MS/MS	7783000	Unknown MS/MS
-4644	No MS/MS	3104000	No MS/MS
-4646	Unknown MS/MS	1107000	Unknown MS/MS
-4647	Chimeric MS/MS	1438000	Chimeric MS/MS
714	Unknown MS/MS	7707000	Unknown MS/MS
715	Annotated MS/MS	2177000	Annotated MS/MS
716	Annotated MS/MS	5918000	Annotated MS/MS
-4658	Chimeric MS/MS	1382000	Chimeric MS/MS
188	Annotated MS/MS	296300000	Annotated MS/MS
-4675	Chimeric MS/MS	950900	Chimeric MS/MS
-4676	Chimeric MS/MS	935800	Chimeric MS/MS
189	Unknown MS/MS	4739000	Unknown MS/MS
717	No MS/MS	796000	No MS/MS
-4687	Annotated MS/MS	1009000	Annotated MS/MS
718	Annotated MS/MS	4513000	Annotated MS/MS
-4690	Chimeric MS/MS	984600	Chimeric MS/MS
-4699	Unknown MS/MS	1234000	Unknown MS/MS
-4702	Unknown MS/MS	929300	Unknown MS/MS
190	Unknown MS/MS	1233000	Unknown MS/MS
719	Unknown MS/MS	3344000	Unknown MS/MS
720	Chimeric MS/MS	3430000	Chimeric MS/MS
-4713	Annotated MS/MS	697400	Annotated MS/MS
-4717	Chimeric MS/MS	857200	Chimeric MS/MS
-4718	Chimeric MS/MS	635500	Chimeric MS/MS
721	Chimeric MS/MS	979500	Chimeric MS/MS
-4720	Chimeric MS/MS	9e+05	Chimeric MS/MS
-4725	Unknown MS/MS	452100	Unknown MS/MS
-4726	Chimeric MS/MS	1057000	Chimeric MS/MS
-4727	Unknown MS/MS	2173000	Unknown MS/MS
722	Chimeric MS/MS	915200	Chimeric MS/MS
723	Annotated MS/MS	2442000	Annotated MS/MS
-4735	Unknown MS/MS	9e+05	Unknown MS/MS
-4738	Chimeric MS/MS	877700	Chimeric MS/MS
-4740	Chimeric MS/MS	811200	Chimeric MS/MS
-4741	Unknown MS/MS	569500	Unknown MS/MS
-4742	Annotated MS/MS	1583000	Annotated MS/MS
-4743	Annotated MS/MS	1494000	Annotated MS/MS
-4744	Chimeric MS/MS	766900	Chimeric MS/MS
191	Chimeric MS/MS	5629000	Chimeric MS/MS
192	Unknown MS/MS	5019000	Unknown MS/MS
-4762	Chimeric MS/MS	865700	Chimeric MS/MS
-4763	No MS/MS	739100	No MS/MS
193	Unknown MS/MS	14840000	Unknown MS/MS
-4774	Chimeric MS/MS	924400	Chimeric MS/MS
-4776	Chimeric MS/MS	1081000	Chimeric MS/MS
-4777	No MS/MS	606800	No MS/MS
724	Unknown MS/MS	3996000	Unknown MS/MS
-4782	Unknown MS/MS	754900	Unknown MS/MS
-4784	Chimeric MS/MS	606100	Chimeric MS/MS
725	No MS/MS	2122000	No MS/MS
194	Unknown MS/MS	5629000	Unknown MS/MS
726	Chimeric MS/MS	765500	Chimeric MS/MS
-4799	Unknown MS/MS	2659000	Unknown MS/MS
-4800	Chimeric MS/MS	667200	Chimeric MS/MS
-4801	No MS/MS	552800	No MS/MS
-4805	Unknown MS/MS	480400	Unknown MS/MS
727	Unknown MS/MS	7214000	Unknown MS/MS
-4810	Unknown MS/MS	788400	Unknown MS/MS
-4811	Unknown MS/MS	967100	Unknown MS/MS
-4813	Chimeric MS/MS	645200	Chimeric MS/MS
195	Unknown MS/MS	13960000	Unknown MS/MS
197	Unknown MS/MS	3705000	Unknown MS/MS
-4834	Unknown MS/MS	682200	Unknown MS/MS
-4835	Unknown MS/MS	426500	Unknown MS/MS
-4836	Unknown MS/MS	1165000	Unknown MS/MS
-4837	Unknown MS/MS	878000	Unknown MS/MS
728	Annotated MS/MS	1955000	Annotated MS/MS
729	Unknown MS/MS	2459000	Unknown MS/MS
730	Unknown MS/MS	4642000	Unknown MS/MS
731	Unknown MS/MS	1187000	Unknown MS/MS
-4853	Unknown MS/MS	892100	Unknown MS/MS
198	Unknown MS/MS	933000	Unknown MS/MS
-4858	Unknown MS/MS	581100	Unknown MS/MS
732	Chimeric MS/MS	14700000	Chimeric MS/MS
199	Unknown MS/MS	2050000	Unknown MS/MS
734	Unknown MS/MS	625000	Unknown MS/MS
200	No MS/MS	1101000	No MS/MS
735	Unknown MS/MS	2034000	Unknown MS/MS
-4886	Unknown MS/MS	495700	Unknown MS/MS
201	Chimeric MS/MS	3320000	Chimeric MS/MS
-4892	Unknown MS/MS	457100	Unknown MS/MS
-4894	Unknown MS/MS	581400	Unknown MS/MS
-4896	Unknown MS/MS	1046000	Unknown MS/MS
736	Annotated MS/MS	751700	Annotated MS/MS
-4903	Chimeric MS/MS	433700	Chimeric MS/MS
-4904	Unknown MS/MS	588300	Unknown MS/MS
202	Chimeric MS/MS	1123000	Chimeric MS/MS
-4908	Unknown MS/MS	1261000	Unknown MS/MS
-4912	Unknown MS/MS	443200	Unknown MS/MS
737	Unknown MS/MS	5388000	Unknown MS/MS
-4915	Unknown MS/MS	666900	Unknown MS/MS
738	Unknown MS/MS	2140000	Unknown MS/MS
-4919	Unknown MS/MS	732000	Unknown MS/MS
-4921	Unknown MS/MS	4779000	Unknown MS/MS
-4922	Unknown MS/MS	4080000	Unknown MS/MS
-4923	Unknown MS/MS	720800	Unknown MS/MS
-4928	Unknown MS/MS	616000	Unknown MS/MS
741	Chimeric MS/MS	6952000	Chimeric MS/MS
203	Annotated MS/MS	1802000	Annotated MS/MS
-4943	Unknown MS/MS	1221000	Unknown MS/MS
-4951	Unknown MS/MS	484800	Unknown MS/MS
204	Annotated MS/MS	20660000	Annotated MS/MS
743	Unknown MS/MS	24770000	Unknown MS/MS
-4958	Unknown MS/MS	474400	Unknown MS/MS
-4961	Unknown MS/MS	596600	Unknown MS/MS
-4964	Unknown MS/MS	538000	Unknown MS/MS
-4969	Unknown MS/MS	1474000	Unknown MS/MS
744	Unknown MS/MS	1903000	Unknown MS/MS
745	Unknown MS/MS	1257000	Unknown MS/MS
205	Annotated MS/MS	2320000	Annotated MS/MS
746	Unknown MS/MS	1828000	Unknown MS/MS
-4986	Unknown MS/MS	429200	Unknown MS/MS
-4989	Unknown MS/MS	568700	Unknown MS/MS
-4990	Chimeric MS/MS	381800	Chimeric MS/MS
-4991	Unknown MS/MS	502500	Unknown MS/MS
-4992	Unknown MS/MS	372000	Unknown MS/MS
-4993	Unknown MS/MS	362900	Unknown MS/MS
-4994	Unknown MS/MS	1045000	Unknown MS/MS
-4995	Unknown MS/MS	808200	Unknown MS/MS
-4997	Unknown MS/MS	312700	Unknown MS/MS
-4998	Unknown MS/MS	755700	Unknown MS/MS
-5000	Unknown MS/MS	722400	Unknown MS/MS
-5002	Unknown MS/MS	1259000	Unknown MS/MS
-5003	Unknown MS/MS	606100	Unknown MS/MS
-5004	Chimeric MS/MS	570400	Chimeric MS/MS
206	Unknown MS/MS	376800	Unknown MS/MS
-5007	Unknown MS/MS	594100	Unknown MS/MS
-5009	Unknown MS/MS	928400	Unknown MS/MS
208	Unknown MS/MS	21010000	Unknown MS/MS
747	Annotated MS/MS	797700	Annotated MS/MS
-5025	Unknown MS/MS	852100	Unknown MS/MS
-5034	Unknown MS/MS	635900	Unknown MS/MS
210	Annotated MS/MS	424200	Annotated MS/MS
-5039	Unknown MS/MS	1145000	Unknown MS/MS
211	Annotated MS/MS	8650000	Annotated MS/MS
748	Chimeric MS/MS	619600	Chimeric MS/MS
749	Unknown MS/MS	2304000	Unknown MS/MS
-5060	Unknown MS/MS	1773000	Unknown MS/MS
751	Chimeric MS/MS	719700	Chimeric MS/MS
-5071	Unknown MS/MS	2685000	Unknown MS/MS
-5072	Unknown MS/MS	4455000	Unknown MS/MS
212	Annotated MS/MS	6481000	Annotated MS/MS
752	Annotated MS/MS	3370000	Annotated MS/MS
753	Unknown MS/MS	1136000	Unknown MS/MS
757	Unknown MS/MS	51590000	Unknown MS/MS
758	Unknown MS/MS	1459000	Unknown MS/MS
-5101	Unknown MS/MS	522100	Unknown MS/MS
759	Unknown MS/MS	1752000	Unknown MS/MS
-5110	Chimeric MS/MS	321800	Chimeric MS/MS
-5111	Unknown MS/MS	717900	Unknown MS/MS
-5112	Chimeric MS/MS	655600	Chimeric MS/MS
-5124	Unknown MS/MS	904900	Unknown MS/MS
-5129	Chimeric MS/MS	436400	Chimeric MS/MS
-5130	Chimeric MS/MS	608200	Chimeric MS/MS
-5137	Unknown MS/MS	1945000	Unknown MS/MS
763	Unknown MS/MS	546600	Unknown MS/MS
764	Unknown MS/MS	1020000	Unknown MS/MS
215	Annotated MS/MS	4922000	Annotated MS/MS
-5158	Chimeric MS/MS	381200	Chimeric MS/MS
-5162	Chimeric MS/MS	337200	Chimeric MS/MS
-5169	Unknown MS/MS	447200	Unknown MS/MS
-5170	Chimeric MS/MS	684200	Chimeric MS/MS
-5171	Unknown MS/MS	535100	Unknown MS/MS
-5172	Unknown MS/MS	1098000	Unknown MS/MS
-5174	Unknown MS/MS	1051000	Unknown MS/MS
216	Chimeric MS/MS	1408000	Chimeric MS/MS
-5183	Unknown MS/MS	2922000	Unknown MS/MS
-5185	Chimeric MS/MS	298200	Chimeric MS/MS
766	Unknown MS/MS	741200	Unknown MS/MS
-5190	Chimeric MS/MS	589900	Chimeric MS/MS
217	Annotated MS/MS	1817000	Annotated MS/MS
-5199	Chimeric MS/MS	462200	Chimeric MS/MS
218	Annotated MS/MS	2744000	Annotated MS/MS
767	Unknown MS/MS	2224000	Unknown MS/MS
768	Unknown MS/MS	1180000	Unknown MS/MS
-5215	Unknown MS/MS	779600	Unknown MS/MS
769	Annotated MS/MS	1082000	Annotated MS/MS
-5220	Unknown MS/MS	197900	Unknown MS/MS
219	Chimeric MS/MS	528800	Chimeric MS/MS
221	Unknown MS/MS	617200	Unknown MS/MS
-5241	Unknown MS/MS	503600	Unknown MS/MS
771	Unknown MS/MS	1518000	Unknown MS/MS
222	Unknown MS/MS	5470000	Unknown MS/MS
-5250	Unknown MS/MS	516600	Unknown MS/MS
773	Annotated MS/MS	2283000	Annotated MS/MS
-5257	Unknown MS/MS	385500	Unknown MS/MS
-5259	Unknown MS/MS	287000	Unknown MS/MS
223	Unknown MS/MS	937600	Unknown MS/MS
774	Unknown MS/MS	4678000	Unknown MS/MS
-5269	Unknown MS/MS	877500	Unknown MS/MS
-5279	Unknown MS/MS	296500	Unknown MS/MS
225	No MS/MS	528800	No MS/MS
-5282	Unknown MS/MS	607000	Unknown MS/MS
-5284	Unknown MS/MS	880700	Unknown MS/MS
226	Annotated MS/MS	1140000	Annotated MS/MS
-5292	Unknown MS/MS	517800	Unknown MS/MS
776	Unknown MS/MS	5055000	Unknown MS/MS
-5300	Unknown MS/MS	428500	Unknown MS/MS
-5301	Unknown MS/MS	429200	Unknown MS/MS
-5306	Chimeric MS/MS	409300	Chimeric MS/MS
-5307	Unknown MS/MS	497900	Unknown MS/MS
-5320	Unknown MS/MS	711400	Unknown MS/MS
-5325	Unknown MS/MS	1158000	Unknown MS/MS
-5329	Unknown MS/MS	513600	Unknown MS/MS
-5330	Chimeric MS/MS	1038000	Chimeric MS/MS
783	Unknown MS/MS	779800	Unknown MS/MS
-5334	Unknown MS/MS	520200	Unknown MS/MS
-5335	Unknown MS/MS	518100	Unknown MS/MS
784	Chimeric MS/MS	934400	Chimeric MS/MS
785	Annotated MS/MS	2220000	Annotated MS/MS
230	Chimeric MS/MS	2772000	Chimeric MS/MS
231	Chimeric MS/MS	570600	Chimeric MS/MS
-5366	Unknown MS/MS	1170000	Unknown MS/MS
-5369	Unknown MS/MS	324000	Unknown MS/MS
-5374	Unknown MS/MS	1615000	Unknown MS/MS
-5375	Unknown MS/MS	1222000	Unknown MS/MS
-5376	Unknown MS/MS	1904000	Unknown MS/MS
786	Unknown MS/MS	16100000	Unknown MS/MS
-5388	Unknown MS/MS	533700	Unknown MS/MS
-5391	No MS/MS	1076000	No MS/MS
-5392	Unknown MS/MS	672700	Unknown MS/MS
-5394	Unknown MS/MS	1152000	Unknown MS/MS
-5396	Unknown MS/MS	576800	Unknown MS/MS
234	Chimeric MS/MS	698900	Chimeric MS/MS
235	Chimeric MS/MS	22050000	Chimeric MS/MS
787	Unknown MS/MS	17280000	Unknown MS/MS
-5416	Chimeric MS/MS	457500	Chimeric MS/MS
788	Unknown MS/MS	481000	Unknown MS/MS
236	Chimeric MS/MS	3340000	Chimeric MS/MS
-5439	No MS/MS	669000	No MS/MS
-5441	Unknown MS/MS	812900	Unknown MS/MS
-5449	Unknown MS/MS	859100	Unknown MS/MS
790	Unknown MS/MS	10680000	Unknown MS/MS
237	Annotated MS/MS	12870000	Annotated MS/MS
-5476	Unknown MS/MS	558600	Unknown MS/MS
-5485	Unknown MS/MS	268300	Unknown MS/MS
238	Annotated MS/MS	33070000	Annotated MS/MS
239	Chimeric MS/MS	505400	Chimeric MS/MS
-5501	Chimeric MS/MS	999600	Chimeric MS/MS
-5505	Unknown MS/MS	5361000	Unknown MS/MS
-5512	Unknown MS/MS	1627000	Unknown MS/MS
-5531	Unknown MS/MS	294400	Unknown MS/MS
794	Unknown MS/MS	787800	Unknown MS/MS
795	Chimeric MS/MS	998400	Chimeric MS/MS
-5549	Unknown MS/MS	598100	Unknown MS/MS
-5551	Unknown MS/MS	789500	Unknown MS/MS
242	Annotated MS/MS	24200000	Annotated MS/MS
-5600	Unknown MS/MS	275400	Unknown MS/MS
-5610	Chimeric MS/MS	404500	Chimeric MS/MS
796	Chimeric MS/MS	2161000	Chimeric MS/MS
243	Annotated MS/MS	1406000	Annotated MS/MS
797	Annotated MS/MS	681900	Annotated MS/MS
-5632	Unknown MS/MS	2576000	Unknown MS/MS
-5635	Unknown MS/MS	586100	Unknown MS/MS
246	Chimeric MS/MS	1770000	Chimeric MS/MS
-5640	Unknown MS/MS	728500	Unknown MS/MS
-5643	Chimeric MS/MS	987500	Chimeric MS/MS
-5644	Unknown MS/MS	1370000	Unknown MS/MS
-5646	Unknown MS/MS	461000	Unknown MS/MS
-5655	Unknown MS/MS	481100	Unknown MS/MS
798	Unknown MS/MS	2943000	Unknown MS/MS
799	Chimeric MS/MS	1551000	Chimeric MS/MS
-5669	Unknown MS/MS	1995000	Unknown MS/MS
-5670	Unknown MS/MS	712600	Unknown MS/MS
247	Annotated MS/MS	3594000	Annotated MS/MS
-5674	Unknown MS/MS	1162000	Unknown MS/MS
-5675	Chimeric MS/MS	483100	Chimeric MS/MS
248	Annotated MS/MS	24820000	Annotated MS/MS
-5698	Chimeric MS/MS	469700	Chimeric MS/MS
804	Chimeric MS/MS	2606000	Chimeric MS/MS
803	Unknown MS/MS	3348000	Unknown MS/MS
806	Unknown MS/MS	2537000	Unknown MS/MS
807	Chimeric MS/MS	1176000	Chimeric MS/MS
-5751	Chimeric MS/MS	991700	Chimeric MS/MS
-5755	Unknown MS/MS	1048000	Unknown MS/MS
810	No MS/MS	1178000	No MS/MS
-5763	Chimeric MS/MS	885400	Chimeric MS/MS
251	Annotated MS/MS	21180000	Annotated MS/MS
250	Unknown MS/MS	951500	Unknown MS/MS
-5782	Chimeric MS/MS	1240000	Chimeric MS/MS
811	Chimeric MS/MS	1765000	Chimeric MS/MS
-5792	Chimeric MS/MS	2430000	Chimeric MS/MS
-5793	No MS/MS	2267000	No MS/MS
812	No MS/MS	3471000	No MS/MS
252	Annotated MS/MS	293400000	Annotated MS/MS
-5824	Unknown MS/MS	1.31e+08	Unknown MS/MS
-5860	Unknown MS/MS	1479000	Unknown MS/MS
-5865	Unknown MS/MS	4197000	Unknown MS/MS
253	Annotated MS/MS	15970000	Annotated MS/MS
817	Unknown MS/MS	6567000	Unknown MS/MS
255	Annotated MS/MS	837900	Annotated MS/MS
819	Chimeric MS/MS	3725000	Chimeric MS/MS
256	Chimeric MS/MS	1959000	Chimeric MS/MS
-5935	No MS/MS	1021000	No MS/MS
-5943	Chimeric MS/MS	700700	Chimeric MS/MS
259	Annotated MS/MS	22750000	Annotated MS/MS
-5973	Chimeric MS/MS	1490000	Chimeric MS/MS
-5981	Chimeric MS/MS	707500	Chimeric MS/MS
822	Annotated MS/MS	2211000	Annotated MS/MS
261	Annotated MS/MS	826600	Annotated MS/MS
-5994	Chimeric MS/MS	457900	Chimeric MS/MS
823	Chimeric MS/MS	685900	Chimeric MS/MS
827	Chimeric MS/MS	3062000	Chimeric MS/MS
828	Unknown MS/MS	858700	Unknown MS/MS
263	Annotated MS/MS	30890000	Annotated MS/MS
-6032	Chimeric MS/MS	740300	Chimeric MS/MS
-6037	Chimeric MS/MS	466300	Chimeric MS/MS
-6039	Chimeric MS/MS	823000	Chimeric MS/MS
-6079	No MS/MS	1904000	No MS/MS
-6080	No MS/MS	2428000	No MS/MS
-6081	Unknown MS/MS	1628000	Unknown MS/MS
266	Annotated MS/MS	814500000	Annotated MS/MS
-6107	Unknown MS/MS	3515000	Unknown MS/MS
-6109	Unknown MS/MS	2337000	Unknown MS/MS
832	No MS/MS	4411000	No MS/MS
268	Unknown MS/MS	4850000	Unknown MS/MS
-6126	Unknown MS/MS	5995000	Unknown MS/MS
-6264	Chimeric MS/MS	3450000	Chimeric MS/MS
-6279	Unknown MS/MS	4900000	Unknown MS/MS
-6292	Chimeric MS/MS	797000	Chimeric MS/MS
-6297	Unknown MS/MS	976400	Unknown MS/MS
-6300	Annotated MS/MS	566200	Annotated MS/MS
272	Annotated MS/MS	27240000	Annotated MS/MS
273	Chimeric MS/MS	3402000	Chimeric MS/MS
-6309	Chimeric MS/MS	497600	Chimeric MS/MS
-6310	No MS/MS	395800	No MS/MS
274	Unknown MS/MS	5819000	Unknown MS/MS
275	Unknown MS/MS	2108000	Unknown MS/MS
833	Annotated MS/MS	1539000	Annotated MS/MS
-6371	Chimeric MS/MS	672500	Chimeric MS/MS
281	Unknown MS/MS	1733000	Unknown MS/MS
278	Chimeric MS/MS	5016000	Chimeric MS/MS
-6522	Chimeric MS/MS	681700	Chimeric MS/MS
-6526	Chimeric MS/MS	599500	Chimeric MS/MS
-6538	Unknown MS/MS	941200	Unknown MS/MS
-6542	Chimeric MS/MS	2318000	Chimeric MS/MS
-6550	Chimeric MS/MS	592700	Chimeric MS/MS
-6557	Unknown MS/MS	4540000	Unknown MS/MS
283	Annotated MS/MS	37820000	Annotated MS/MS
-6572	Unknown MS/MS	578000	Unknown MS/MS
-6615	Unknown MS/MS	2678000	Unknown MS/MS
-6618	Chimeric MS/MS	743900	Chimeric MS/MS
838	Unknown MS/MS	7470000	Unknown MS/MS
-6641	Chimeric MS/MS	1575000	Chimeric MS/MS
288	Unknown MS/MS	34590000	Unknown MS/MS
-6645	Chimeric MS/MS	1650000	Chimeric MS/MS
290	Chimeric MS/MS	832600	Chimeric MS/MS
291	Annotated MS/MS	3526000	Annotated MS/MS
-6689	Unknown MS/MS	1320000	Unknown MS/MS
-6690	Chimeric MS/MS	675900	Chimeric MS/MS
-6695	Unknown MS/MS	10610000	Unknown MS/MS
-6707	Chimeric MS/MS	546000	Chimeric MS/MS
-6716	Unknown MS/MS	14740000	Unknown MS/MS
292	Unknown MS/MS	1213000	Unknown MS/MS
842	Unknown MS/MS	60020000	Unknown MS/MS
-6737	Chimeric MS/MS	996500	Chimeric MS/MS
-6746	Unknown MS/MS	2e+06	Unknown MS/MS
293	Chimeric MS/MS	6196000	Chimeric MS/MS
-6756	Unknown MS/MS	1533000	Unknown MS/MS
297	Chimeric MS/MS	1112000	Chimeric MS/MS
-6766	Unknown MS/MS	637700	Unknown MS/MS
846	Chimeric MS/MS	1762000	Chimeric MS/MS
300	No MS/MS	1016000	No MS/MS
302	Chimeric MS/MS	1780000	Chimeric MS/MS
-6902	Unknown MS/MS	1041000	Unknown MS/MS
-6906	Annotated MS/MS	2012000	Annotated MS/MS
-6912	Annotated MS/MS	3050000	Annotated MS/MS
304	Annotated MS/MS	81680000	Annotated MS/MS
-6938	Unknown MS/MS	1648000	Unknown MS/MS
-6958	Chimeric MS/MS	2756000	Chimeric MS/MS
-6961	Chimeric MS/MS	806800	Chimeric MS/MS
295	Annotated MS/MS	11400000	Annotated MS/MS
-7042	Unknown MS/MS	1129000	Unknown MS/MS
-7126	Chimeric MS/MS	1057000	Chimeric MS/MS
855	Unknown MS/MS	36540000	Unknown MS/MS
-7158	Chimeric MS/MS	865700	Chimeric MS/MS
856	Unknown MS/MS	2689000	Unknown MS/MS
-7185	Unknown MS/MS	852400	Unknown MS/MS
-7186	Unknown MS/MS	1225000	Unknown MS/MS
-7217	Unknown MS/MS	646500	Unknown MS/MS
307	Unknown MS/MS	7617000	Unknown MS/MS
-7280	No MS/MS	1047000	No MS/MS
-7325	Unknown MS/MS	1088000	Unknown MS/MS
-7411	Chimeric MS/MS	1034000	Chimeric MS/MS
881	Unknown MS/MS	2277000	Unknown MS/MS
882	Unknown MS/MS	4263000	Unknown MS/MS
884	Unknown MS/MS	2570000	Unknown MS/MS
888	Unknown MS/MS	1063000	Unknown MS/MS
891	Unknown MS/MS	516500	Unknown MS/MS
-7603	Unknown MS/MS	538400	Unknown MS/MS
-7631	Unknown MS/MS	1706000	Unknown MS/MS
